Workbook

Sheet Cover
A1: TEST CASE - HospitalTriageSystem
A4: Module Code | B4: Module
A5: HTS-0 | B5: Đăng nhập hệ thống
A6: HTS-1 | B6: Phiên đăng nhập & Đăng xuất
A7: HTS-2 | B7: Điều hướng & Menu
A8: HTS-3 | B8: Phân quyền truy cập (RBAC)
A9: HTS-4 | B9: Quản lý khoa (Departments)
A10: HTS-5 | B10: Quản lý bác sĩ (Doctors)
A11: HTS-6 | B11: Tiếp nhận bệnh nhân (Intake)
A12: HTS-7 | B12: Phân luồng (Triage)
A13: HTS-8 | B13: Dashboard
A14: HTS-9 | B14: Báo cáo (Reports)

Sheet HTS-0
A1: TEST CASE
A3: System Name： | B3: HospitalTriageSystem
A4: Module Code： | B4: HTS-0
A5: Test requirement: | B5: HTS-0: Đăng nhập hệ thống
A6: Pass | B6: =COUNTIF(E10:E5000,"Pass") -> 14 | C6: Pending | D6: =COUNTIF(E10:E5000,"Pending") -> 0
A7: Fail | B7: =COUNTIF(E10:E5000,"Fail") -> 0 | C7: Number of test cases: | D7: =COUNTA(A10:A5000) -> 14
A9: ID | B9: Test Case Description | C9: Test Case Procedure | D9: Expected Output | E9: Result | F9: Note
B10: 1) Positive Testing – Happy path (dữ liệu hợp lệ)
A11: HTS-0-TC-01 | B11: Login thành công với Admin | C11: Preconditions: User admin@hospital.local tồn tại và có role Admin Steps: 1) Mở /Identity/Account/Login 2) Nhập Email + Password hợp lệ 3) Click Login Test Data: Email=admin@hospital.local; Password=Admin@12345 | D11: Đăng nhập thành công; chuyển sang trang Home; navbar hiển thị 'Xin chào' và nút Logout | E11: Pass
A12: HTS-0-TC-02 | B12: Login thành công với Receptionist | C12: Preconditions: User receptionist@hospital.local tồn tại và có role Receptionist Steps: 1) Mở /Identity/Account/Login 2) Nhập thông tin hợp lệ 3) Click Login Test Data: Email=receptionist@hospital.local; Password=Receptionist@12345 | D12: Đăng nhập thành công; thấy menu 'Tiếp nhận' và không thấy menu Phân luồng/Dashboard/Báo cáo | E12: Pass
A13: HTS-0-TC-03 | B13: Login thành công với Nurse | C13: Preconditions: User nurse@hospital.local tồn tại và có role Nurse Steps: 1) Login nurse 2) Quan sát menu Test Data: Email=nurse@hospital.local; Password=Nurse@12345 | D13: Đăng nhập thành công; thấy menu 'Phân luồng' và không thấy 'Danh mục'/'Báo cáo' | E13: Pass
A14: HTS-0-TC-04 | B14: Login thành công với Manager | C14: Preconditions: User manager@hospital.local tồn tại và có role Manager Steps: 1) Login manager 2) Quan sát menu Test Data: Email=manager@hospital.local; Password=Manager@12345 | D14: Đăng nhập thành công; thấy 'Danh mục', 'Tiếp nhận', 'Phân luồng', 'Dashboard', 'Báo cáo' | E14: Pass
A15: HTS-0-TC-05 | B15: Login thành công với Doctor | C15: Preconditions: User DR001@hospital.local tồn tại role Doctor và mapped Doctor.Code=DR001 Steps: 1) Login doctor 2) Mở /Dashboard Test Data: Email=DR001@hospital.local; Password=Doctor@12345 | D15: Đăng nhập thành công; vào Dashboard thấy danh sách lượt khám của khoa của bác sĩ; không có dropdown chọn khoa | E15: Pass
B17: 2) Negative Testing / Error Handling – Dữ liệu không hợp lệ & giá trị biên
A18: HTS-0-TC-06 | B18: Login không hợp lệ: Email rỗng + Password rỗng | C18: Preconditions: - Steps: 1) Mở /Identity/Account/Login 2) Nhập dữ liệu theo Test Data 3) Click Login Test Data: Email='' Password='' | D18: Ở lại trang Login; hiển thị lỗi required/validation hoặc browser validation | E18: Pass
A19: HTS-0-TC-07 | B19: Login không hợp lệ: Email rỗng + Password đúng | C19: Preconditions: - Steps: 1) Mở /Identity/Account/Login 2) Nhập dữ liệu theo Test Data 3) Click Login Test Data: Email='' Password='Admin@12345' | D19: Ở lại trang Login; hiển thị lỗi | E19: Pass
A20: HTS-0-TC-08 | B20: Login không hợp lệ: Email đúng + Password rỗng | C20: Preconditions: - Steps: 1) Mở /Identity/Account/Login 2) Nhập dữ liệu theo Test Data 3) Click Login Test Data: Email='admin@hospital.local' Password='' | D20: Ở lại trang Login; hiển thị lỗi | E20: Pass
A21: HTS-0-TC-09 | B21: Login không hợp lệ: Email sai format (abc) | C21: Preconditions: - Steps: 1) Mở /Identity/Account/Login 2) Nhập dữ liệu theo Test Data 3) Click Login Test Data: Email='abc' Password='whatever' | D21: Form bị chặn bởi HTML5 validation (email) hoặc hiển thị lỗi; không đăng nhập | E21: Pass
A22: HTS-0-TC-10 | B22: Login không hợp lệ: Email không tồn tại | C22: Preconditions: - Steps: 1) Mở /Identity/Account/Login 2) Nhập dữ liệu theo Test Data 3) Click Login Test Data: Email='noone@hospital.local' Password='whatever' | D22: Ở lại trang Login; hiển thị 'Invalid login attempt' (hoặc tương đương) | E22: Pass
A23: HTS-0-TC-11 | B23: Login không hợp lệ: Password sai | C23: Preconditions: - Steps: 1) Mở /Identity/Account/Login 2) Nhập dữ liệu theo Test Data 3) Click Login Test Data: Email='admin@hospital.local' Password='WRONG_PASSWORD' | D23: Ở lại trang Login; hiển thị lỗi đăng nhập | E23: Pass
A24: HTS-0-TC-12 | B24: Login không hợp lệ: Password đúng nhưng thêm khoảng trắng cuối | C24: Preconditions: - Steps: 1) Mở /Identity/Account/Login 2) Nhập dữ liệu theo Test Data 3) Click Login Test Data: Email='admin@hospital.local' Password='Admin@12345 ' | D24: Ở lại trang Login; hiển thị lỗi | E24: Pass
A25: HTS-0-TC-13 | B25: Login không hợp lệ: Chuỗi nghi SQLi trong Email | C25: Preconditions: - Steps: 1) Mở /Identity/Account/Login 2) Nhập dữ liệu theo Test Data 3) Click Login Test Data: Email="a@b.com' OR 1=1 --" Password='whatever' | D25: Không đăng nhập; hệ thống không crash; vẫn ở Login | E25: Pass
A26: HTS-0-TC-14 | B26: Login không hợp lệ: Chuỗi nghi XSS trong Email | C26: Preconditions: - Steps: 1) Mở /Identity/Account/Login 2) Nhập dữ liệu theo Test Data 3) Click Login Test Data: Email='<script>alert(1)</script>@a.com' Password='whatever' | D26: Không đăng nhập; hệ thống không crash; input được xử lý như chuỗi | E26: Pass

Sheet HTS-1
A1: TEST CASE
A3: System Name： | B3: HospitalTriageSystem
A4: Module Code： | B4: HTS-1
A5: Test requirement: | B5: HTS-1: Phiên đăng nhập & Đăng xuất
A6: Pass | B6: =COUNTIF(E10:E5000,"Pass") -> 2 | C6: Pending | D6: =COUNTIF(E10:E5000,"Pending") -> 0
A7: Fail | B7: =COUNTIF(E10:E5000,"Fail") -> 0 | C7: Number of test cases: | D7: =COUNTA(A10:A5000) -> 2
A9: ID | B9: Test Case Description | C9: Test Case Procedure | D9: Expected Output | E9: Result | F9: Note
B10: 1) Positive Testing – Happy path (dữ liệu hợp lệ)
A11: HTS-1-TC-01 | B11: Logout thành công | C11: Preconditions: Đã đăng nhập Steps: 1) Click Logout trên navbar Test Data: - | D11: Đăng xuất thành công; hiển thị nút Login; các trang protected redirect về Login | E11: Pass
B13: 2) Negative Testing / Error Handling – Dữ liệu không hợp lệ & giá trị biên
A14: HTS-1-TC-02 | B14: Sau logout dùng Back không được truy cập lại trang protected | C14: Preconditions: Đã đăng nhập và đã mở trang protected (Dashboard/Departments) Steps: 1) Logout 2) Bấm Back trên trình duyệt Test Data: - | D14: Không khôi phục phiên đăng nhập; vẫn redirect về Login hoặc AccessDenied | E14: Pass

Sheet HTS-2
A1: TEST CASE
A3: System Name： | B3: HospitalTriageSystem
A4: Module Code： | B4: HTS-2
A5: Test requirement: | B5: HTS-2: Điều hướng & Menu
A6: Pass | B6: =COUNTIF(E10:E5000,"Pass") -> 3 | C6: Pending | D6: =COUNTIF(E10:E5000,"Pending") -> 0
A7: Fail | B7: =COUNTIF(E10:E5000,"Fail") -> 0 | C7: Number of test cases: | D7: =COUNTA(A10:A5000) -> 3
A9: ID | B9: Test Case Description | C9: Test Case Procedure | D9: Expected Output | E9: Result | F9: Note
B10: 1) Positive Testing – Happy path (dữ liệu hợp lệ)
A11: HTS-2-TC-01 | B11: returnUrl: login xong quay về đúng trang yêu cầu | C11: Preconditions: - Steps: 1) Logout 2) Mở /Dashboard (protected) 3) Redirect sang Login 4) Login hợp lệ Test Data: Email=admin@hospital.local; Password=Admin@12345 | D11: Sau login tự quay về /Dashboard (returnUrl) thay vì Home | E11: Pass
A12: HTS-2-TC-02 | B12: AccessDenied hiển thị đúng thông báo | C12: Preconditions: Đăng nhập 1 role không đủ quyền (ví dụ Receptionist) Steps: 1) Mở /Dashboard hoặc /Departments 2) Quan sát trang AccessDenied Test Data: Role=Receptionist | D12: Trang /Home/AccessDenied; hiển thị 'Bạn không có quyền truy cập trang này.' | E12: Pass
B14: 2) Negative Testing / Error Handling – Dữ liệu không hợp lệ & giá trị biên
A15: HTS-2-TC-03 | B15: Chưa login truy cập trang protected => redirect Login kèm returnUrl | C15: Preconditions: - Steps: 1) Logout/clear session 2) Mở /Departments trực tiếp Test Data: - | D15: Redirect tới /Identity/Account/Login?returnUrl=...; không truy cập được nội dung Departments | E15: Pass

Sheet HTS-3
A1: TEST CASE
A3: System Name： | B3: HospitalTriageSystem
A4: Module Code： | B4: HTS-3
A5: Test requirement: | B5: HTS-3: Phân quyền truy cập (RBAC)
A6: Pass | B6: =COUNTIF(E10:E5000,"Pass") -> 28 | C6: Pending | D6: =COUNTIF(E10:E5000,"Pending") -> 0
A7: Fail | B7: =COUNTIF(E10:E5000,"Fail") -> 2 | C7: Number of test cases: | D7: =COUNTA(A10:A5000) -> 30
A9: ID | B9: Test Case Description | C9: Test Case Procedure | D9: Expected Output | E9: Result | F9: Note
B10: 1) Positive Testing – Happy path (dữ liệu hợp lệ)
A11: HTS-3-TC-01 | B11: RBAC: Admin được truy cập Danh mục Khoa khám (/Departments) | C11: Preconditions: Đăng nhập với role Admin Steps: 1) Đăng nhập role Admin 2) Mở trực tiếp URL /Departments Test Data: - | D11: Truy cập thành công (HTTP 200) và nội dung trang hiển thị đúng | E11: Pass
A12: HTS-3-TC-02 | B12: RBAC: Admin được truy cập Danh mục Bác sĩ (/Doctors) | C12: Preconditions: Đăng nhập với role Admin Steps: 1) Đăng nhập role Admin 2) Mở trực tiếp URL /Doctors Test Data: - | D12: Truy cập thành công (HTTP 200) và nội dung trang hiển thị đúng | E12: Pass
A13: HTS-3-TC-03 | B13: RBAC: Admin được truy cập Tiếp nhận bệnh nhân (/Intake/Register) | C13: Preconditions: Đăng nhập với role Admin Steps: 1) Đăng nhập role Admin 2) Mở trực tiếp URL /Intake/Register Test Data: - | D13: Truy cập thành công (HTTP 200) và nội dung trang hiển thị đúng | E13: Pass
A14: HTS-3-TC-04 | B14: RBAC: Admin được truy cập Danh sách chờ phân luồng (/Triage) | C14: Preconditions: Đăng nhập với role Admin Steps: 1) Đăng nhập role Admin 2) Mở trực tiếp URL /Triage Test Data: - | D14: Truy cập thành công (HTTP 200) và nội dung trang hiển thị đúng | E14: Pass
A15: HTS-3-TC-05 | B15: RBAC: Admin được truy cập Dashboard (/Dashboard) | C15: Preconditions: Đăng nhập với role Admin Steps: 1) Đăng nhập role Admin 2) Mở trực tiếp URL /Dashboard Test Data: - | D15: Truy cập thành công (HTTP 200) và nội dung trang hiển thị đúng | E15: Pass
A16: HTS-3-TC-06 | B16: RBAC: Admin được truy cập Báo cáo (/Reports) | C16: Preconditions: Đăng nhập với role Admin Steps: 1) Đăng nhập role Admin 2) Mở trực tiếp URL /Reports Test Data: - | D16: Truy cập thành công (HTTP 200) và nội dung trang hiển thị đúng | E16: Pass
A17: HTS-3-TC-07 | B17: RBAC: Manager được truy cập Danh mục Khoa khám (/Departments) | C17: Preconditions: Đăng nhập với role Manager Steps: 1) Đăng nhập role Manager 2) Mở trực tiếp URL /Departments Test Data: - | D17: Truy cập thành công (HTTP 200) và nội dung trang hiển thị đúng | E17: Pass
A18: HTS-3-TC-08 | B18: RBAC: Manager được truy cập Danh mục Bác sĩ (/Doctors) | C18: Preconditions: Đăng nhập với role Manager Steps: 1) Đăng nhập role Manager 2) Mở trực tiếp URL /Doctors Test Data: - | D18: Truy cập thành công (HTTP 200) và nội dung trang hiển thị đúng | E18: Pass
A19: HTS-3-TC-09 | B19: RBAC: Manager được truy cập Tiếp nhận bệnh nhân (/Intake/Register) | C19: Preconditions: Đăng nhập với role Manager Steps: 1) Đăng nhập role Manager 2) Mở trực tiếp URL /Intake/Register Test Data: - | D19: Truy cập thành công (HTTP 200) và nội dung trang hiển thị đúng | E19: Pass
A20: HTS-3-TC-10 | B20: RBAC: Manager được truy cập Danh sách chờ phân luồng (/Triage) | C20: Preconditions: Đăng nhập với role Manager Steps: 1) Đăng nhập role Manager 2) Mở trực tiếp URL /Triage Test Data: - | D20: Truy cập thành công (HTTP 200) và nội dung trang hiển thị đúng | E20: Pass
A21: HTS-3-TC-11 | B21: RBAC: Manager được truy cập Dashboard (/Dashboard) | C21: Preconditions: Đăng nhập với role Manager Steps: 1) Đăng nhập role Manager 2) Mở trực tiếp URL /Dashboard Test Data: - | D21: Truy cập thành công (HTTP 200) và nội dung trang hiển thị đúng | E21: Pass
A22: HTS-3-TC-12 | B22: RBAC: Manager được truy cập Báo cáo (/Reports) | C22: Preconditions: Đăng nhập với role Manager Steps: 1) Đăng nhập role Manager 2) Mở trực tiếp URL /Reports Test Data: - | D22: Truy cập thành công (HTTP 200) và nội dung trang hiển thị đúng | E22: Pass
... A25: HTS-3-TC-15 | B25: RBAC: Doctor được truy cập Dashboard (/Dashboard) | C25: Preconditions: Đăng nhập với role Doctor Steps: 1) Đăng nhập role Doctor 2) Mở trực tiếp URL /Dashboard Test Data: - | D25: Truy cập thành công (HTTP 200) và nội dung trang hiển thị đúng | E25: Pass
B27: 2) Negative Testing / Error Handling – Dữ liệu không hợp lệ & giá trị biên
A28: HTS-3-TC-16 | B28: RBAC: Receptionist không được truy cập Danh mục Khoa khám (/Departments) | C28: Preconditions: Đăng nhập với role Receptionist Steps: 1) Đăng nhập role Receptionist 2) Mở trực tiếp URL /Departments Test Data: - | D28: Bị chặn: redirect Login (nếu chưa login) hoặc AccessDenied (403) nếu đã login | E28: Pass
A29: HTS-3-TC-17 | B29: RBAC: Receptionist không được truy cập Danh mục Bác sĩ (/Doctors) | C29: Preconditions: Đăng nhập với role Receptionist Steps: 1) Đăng nhập role Receptionist 2) Mở trực tiếp URL /Doctors Test Data: - | D29: Bị chặn: redirect Login (nếu chưa login) hoặc AccessDenied (403) nếu đã login | E29: Pass
A30: HTS-3-TC-18 | B30: RBAC: Receptionist không được truy cập Danh sách chờ phân luồng (/Triage) | C30: Preconditions: Đăng nhập với role Receptionist Steps: 1) Đăng nhập role Receptionist 2) Mở trực tiếp URL /Triage Test Data: - | D30: Bị chặn: redirect Login (nếu chưa login) hoặc AccessDenied (403) nếu đã login | E30: Pass
A31: HTS-3-TC-19 | B31: RBAC: Receptionist không được truy cập Dashboard (/Dashboard) | C31: Preconditions: Đăng nhập với role Receptionist Steps: 1) Đăng nhập role Receptionist 2) Mở trực tiếp URL /Dashboard Test Data: - | D31: Bị chặn: redirect Login (nếu chưa login) hoặc AccessDenied (403) nếu đã login | E31: Pass
A32: HTS-3-TC-20 | B32: RBAC: Receptionist không được truy cập Báo cáo (/Reports) | C32: Preconditions: Đăng nhập với role Receptionist Steps: 1) Đăng nhập role Receptionist 2) Mở trực tiếp URL /Reports Test Data: - | D32: Bị chặn: redirect Login (nếu chưa login) hoặc AccessDenied (403) nếu đã login | E32: Pass
A33: HTS-3-TC-21 | B33: RBAC: Nurse không được truy cập Danh mục Khoa khám (/Departments) | C33: Preconditions: Đăng nhập với role Nurse Steps: 1) Đăng nhập role Nurse 2) Mở trực tiếp URL /Departments Test Data: - | D33: Bị chặn: redirect Login (nếu chưa login) hoặc AccessDenied (403) nếu đã login | E33: Pass
A34: HTS-3-TC-22 | B34: RBAC: Nurse không được truy cập Danh mục Bác sĩ (/Doctors) | C34: Preconditions: Đăng nhập với role Nurse Steps: 1) Đăng nhập role Nurse 2) Mở trực tiếp URL /Doctors Test Data: - | D34: Bị chặn: redirect Login (nếu chưa login) hoặc AccessDenied (403) nếu đã login | E34: Pass
A35: HTS-3-TC-23 | B35: RBAC: Nurse không được truy cập Tiếp nhận bệnh nhân (/Intake/Register) | C35: Preconditions: Đăng nhập với role Nurse Steps: 1) Đăng nhập role Nurse 2) Mở trực tiếp URL /Intake/Register Test Data: - | D35: Bị chặn: redirect Login (nếu chưa login) hoặc AccessDenied (403) nếu đã login | E35: Pass
A36: HTS-3-TC-24 | B36: RBAC: Nurse không được truy cập Dashboard (/Dashboard) | C36: Preconditions: Đăng nhập với role Nurse Steps: 1) Đăng nhập role Nurse 2) Mở trực tiếp URL /Dashboard Test Data: - | D36: Bị chặn: redirect Login (nếu chưa login) hoặc AccessDenied (403) nếu đã login | E36: Fail
A37: HTS-3-TC-25 | B37: RBAC: Nurse không được truy cập Báo cáo (/Reports) | C37: Preconditions: Đăng nhập với role Nurse Steps: 1) Đăng nhập role Nurse 2) Mở trực tiếp URL /Reports Test Data: - | D37: Bị chặn: redirect Login (nếu chưa login) hoặc AccessDenied (403) nếu đã login | E37: Pass
A38: HTS-3-TC-26 | B38: RBAC: Doctor không được truy cập Danh mục Khoa khám (/Departments) | C38: Preconditions: Đăng nhập với role Doctor Steps: 1) Đăng nhập role Doctor 2) Mở trực tiếp URL /Departments Test Data: - | D38: Bị chặn: redirect Login (nếu chưa login) hoặc AccessDenied (403) nếu đã login | E38: Pass
A39: HTS-3-TC-27 | B39: RBAC: Doctor không được truy cập Danh mục Bác sĩ (/Doctors) | C39: Preconditions: Đăng nhập với role Doctor Steps: 1) Đăng nhập role Doctor 2) Mở trực tiếp URL /Doctors Test Data: - | D39: Bị chặn: redirect Login (nếu chưa login) hoặc AccessDenied (403) nếu đã login | E39: Pass
... A42: HTS-3-TC-30 | B42: RBAC: Doctor không được truy cập Báo cáo (/Reports) | C42: Preconditions: Đăng nhập với role Doctor Steps: 1) Đăng nhập role Doctor 2) Mở trực tiếp URL /Reports Test Data: - | D42: Bị chặn: redirect Login (nếu chưa login) hoặc AccessDenied (403) nếu đã login | E42: Pass

Sheet HTS-4
A1: TEST CASE
A3: System Name： | B3: HospitalTriageSystem
A4: Module Code： | B4: HTS-4
A5: Test requirement: | B5: HTS-4: Quản lý khoa (Departments)
A6: Pass | B6: =COUNTIF(E10:E5000,"Pass") -> 18 | C6: Pending | D6: =COUNTIF(E10:E5000,"Pending") -> 0
A7: Fail | B7: =COUNTIF(E10:E5000,"Fail") -> 0 | C7: Number of test cases: | D7: =COUNTA(A10:A5000) -> 18
A9: ID | B9: Test Case Description | C9: Test Case Procedure | D9: Expected Output | E9: Result | F9: Note
B10: 1) Positive Testing – Happy path (dữ liệu hợp lệ)
A11: HTS-4-TC-01 | B11: Tạo khoa mới hợp lệ (IsActive=true, IsGeneral=false) | C11: Preconditions: Đăng nhập Admin hoặc Manager Steps: 1) Mở /Departments 2) Click 'Tạo mới' 3) Nhập Code hợp lệ (<=20) 4) Nhập Name hợp lệ (<=200) 5) Check IsActive 6) Uncheck IsGeneral 7) Save Test Data: Code=QA01; Name=Khoa QA | D11: Tạo thành công; redirect về danh sách; thấy dòng mới; trạng thái Active | E11: Pass
A12: HTS-4-TC-02 | B12: Tìm kiếm khoa theo Code/Name | C12: Preconditions: Đăng nhập Admin hoặc Manager Steps: 1) Mở /Departments 2) Nhập keyword vào ô search 3) Click Search Test Data: search=GEN | D12: Danh sách lọc đúng; hiển thị các dòng khớp keyword | E12: Pass
A13: HTS-4-TC-03 | B13: Chuyển IsGeneral sang khoa mới (hệ thống tự bỏ General của khoa cũ) | C13: Preconditions: Đăng nhập Admin hoặc Manager Steps: 1) Tạo hoặc chọn 1 khoa mới 2) Edit khoa mới 3) Tick IsGeneral 4) Save 5) Kiểm tra GEN không còn General Test Data: DeptA.IsGeneral=true | D13: Chỉ 1 khoa có badge General; khoa GEN mất badge General | E13: Pass
A14: HTS-4-TC-04 | B14: Deactivate khoa (Delete => IsActive=false) | C14: Preconditions: Đăng nhập Admin hoặc Manager Steps: 1) Mở /Departments 2) Click Delete trên 1 khoa 3) Confirm Test Data: - | D14: Khoa không bị xóa khỏi DB mà chuyển IsActive=false; badge Inactive xuất hiện | E14: Pass
A15: HTS-4-TC-05 | B15: Create khoa Inactive ngay từ đầu (IsActive=false) | C15: Preconditions: Đăng nhập Admin hoặc Manager Steps: 1) /Departments -> Tạo mới 2) Nhập Code/Name hợp lệ 3) Uncheck IsActive 4) Save Test Data: Code=INA01; Name=Khoa Inactive; IsActive=false | D15: Tạo thành công; danh sách hiển thị badge Inactive | E15: Pass
B17: 2) Negative Testing / Error Handling – Dữ liệu không hợp lệ & giá trị biên
A18: HTS-4-TC-06 | B18: Create: Code rỗng | C18: Preconditions: Đăng nhập Admin hoặc Manager Steps: 1) Mở /Departments 2) Thực hiện thao tác theo Title/Test Data Test Data: Code='' Name='Khoa A' | D18: Ở lại form; hiển thị lỗi 'Code là bắt buộc' | E18: Pass
A19: HTS-4-TC-07 | B19: Create: Name rỗng | C19: Preconditions: Đăng nhập Admin hoặc Manager Steps: 1) Mở /Departments 2) Thực hiện thao tác theo Title/Test Data Test Data: Code='QA02' Name='' | D19: Ở lại form; hiển thị lỗi 'Name là bắt buộc' | E19: Pass
A20: HTS-4-TC-08 | B20: Create: Code chỉ toàn khoảng trắng | C20: Preconditions: Đăng nhập Admin hoặc Manager Steps: 1) Mở /Departments 2) Thực hiện thao tác theo Title/Test Data Test Data: Code=' ' Name='Khoa A' | D20: Ở lại form; hiển thị lỗi 'Mã khoa (Code) là bắt buộc.' | E20: Pass
A21: HTS-4-TC-09 | B21: Create: Name chỉ toàn khoảng trắng | C21: Preconditions: Đăng nhập Admin hoặc Manager Steps: 1) Mở /Departments 2) Thực hiện thao tác theo Title/Test Data Test Data: Code='QA03' Name=' ' | D21: Ở lại form; hiển thị lỗi 'Tên khoa (Name) là bắt buộc.' | E21: Pass
A22: HTS-4-TC-10 | B22: Create: Code vượt max length (21 ký tự) | C22: Preconditions: Đăng nhập Admin hoặc Manager Steps: 1) Mở /Departments 2) Thực hiện thao tác theo Title/Test Data Test Data: Code='X'*21 Name='Khoa A' | D22: Không tạo; hiển thị lỗi StringLength/max 20 | E22: Pass
A23: HTS-4-TC-11 | B23: Create: Name vượt max length (201 ký tự) | C23: Preconditions: Đăng nhập Admin hoặc Manager Steps: 1) Mở /Departments 2) Thực hiện thao tác theo Title/Test Data Test Data: Code='QA04' Name='N'*201 | D23: Không tạo; hiển thị lỗi StringLength/max 200 | E23: Pass
A24: HTS-4-TC-12 | B24: Create: Duplicate Code | C24: Preconditions: Đăng nhập Admin hoặc Manager Steps: 1) Mở /Departments 2) Thực hiện thao tác theo Title/Test Data Test Data: Code='GEN' Name='Dup' | D24: Không tạo; lỗi 'Mã khoa đã tồn tại.' | E24: Pass
A25: HTS-4-TC-13 | B25: Edit: Id không hợp lệ (<=0) | C25: Preconditions: Đăng nhập Admin hoặc Manager Steps: 1) Mở /Departments 2) Thực hiện thao tác theo Title/Test Data Test Data: URL=/Departments/Edit/0 | D25: Redirect danh sách; flash error 'Id không hợp lệ.' | E25: Pass
A26: HTS-4-TC-14 | B26: Edit: Id không tồn tại | C26: Preconditions: Đăng nhập Admin hoặc Manager Steps: 1) Mở /Departments 2) Thực hiện thao tác theo Title/Test Data Test Data: URL=/Departments/Edit/999999 | D26: Redirect danh sách; flash error 'Không tìm thấy khoa.' | E26: Pass
A27: HTS-4-TC-15 | B27: Edit: đổi Code thành Code đã tồn tại | C27: Preconditions: Đăng nhập Admin hoặc Manager Steps: 1) Mở /Departments 2) Thực hiện thao tác theo Title/Test Data Test Data: DeptB.Code -> DeptA.Code | D27: Không lưu; lỗi 'Mã khoa đã tồn tại.' | E27: Pass
A28: HTS-4-TC-16 | B28: XSS: Name chứa <script> không được render raw | C28: Preconditions: Đăng nhập Admin hoặc Manager Steps: 1) Mở /Departments 2) Thực hiện thao tác theo Title/Test Data Test Data: Name='<script>alert(1)</script>' | D28: Danh sách hiển thị dạng encode &lt;script&gt;..., không thực thi JS | E28: Pass
A29: HTS-4-TC-17 | B29: Deactivate khoa đang là General (ảnh hưởng fallback) - hệ thống nên cảnh báo | C29: Preconditions: Đăng nhập Admin hoặc Manager Steps: 1) Đảm bảo GEN là General 2) Delete/Deactivate GEN 3) Tạo 1 visit và triage symptoms không match rule Test Data: Dept=GEN | D29: Kỳ vọng: hệ thống nên chặn hoặc cảnh báo; nếu không chặn có thể gây lỗi fallback 'Không xác định được khoa khám...' | E29: Pass
A30: HTS-4-TC-18 | B30: Search với ký tự đặc biệt không gây lỗi (', %, <, >) | C30: Preconditions: Đăng nhập Admin hoặc Manager Steps: 1) Mở /Departments 2) Search keyword chứa ký tự đặc biệt 3) Search Test Data: search="%_'<>" | D30: Hệ thống không crash; không lộ lỗi SQL; kết quả trả về hợp lệ (0 hoặc vài dòng) | E30: Pass

Sheet HTS-5
A1: TEST CASE
A3: System Name： | B3: HospitalTriageSystem
A4: Module Code： | B4: HTS-5
A5: Test requirement: | B5: HTS-5: Quản lý bác sĩ (Doctors)
A6: Pass | B6: =COUNTIF(E10:E5000,"Pass") -> 18 | C6: Pending | D6: =COUNTIF(E10:E5000,"Pending") -> 0
A7: Fail | B7: =COUNTIF(E10:E5000,"Fail") -> 0 | C7: Number of test cases: | D7: =COUNTA(A10:A5000) -> 18
A9: ID | B9: Test Case Description | C9: Test Case Procedure | D9: Expected Output | E9: Result | F9: Note
B10: 1) Positive Testing – Happy path (dữ liệu hợp lệ)
A11: HTS-5-TC-01 | B11: Tạo bác sĩ hợp lệ | C11: Preconditions: Đăng nhập Admin hoặc Manager Steps: 1) Mở /Doctors 2) Click 'Tạo mới' 3) Nhập Code (<=20) 4) Nhập Họ tên (<=200) 5) Chọn Khoa 6) Tick IsActive 7) Save Test Data: Code=DRQA01; FullName=BS QA; Department=NOI - Khoa Nội | D11: Tạo thành công; redirect danh sách; hiển thị dòng mới | E11: Pass
A12: HTS-5-TC-02 | B12: Filter bác sĩ theo keyword + khoa | C12: Preconditions: Đăng nhập Admin hoặc Manager Steps: 1) Mở /Doctors 2) Nhập keyword 3) Chọn khoa 4) Search Test Data: keyword=DR0; department=Khoa Nội | D12: Kết quả lọc đúng | E12: Pass
A13: HTS-5-TC-03 | B13: Edit bác sĩ đổi tên/khoa | C13: Preconditions: Đăng nhập Admin hoặc Manager Steps: 1) Chọn 1 bác sĩ 2) Edit 3) Thay FullName/Department 4) Save Test Data: FullName=...; Department=NHI | D13: Cập nhật thành công; danh sách cập nhật | E13: Pass
A14: HTS-5-TC-04 | B14: Deactivate bác sĩ (Delete => IsActive=false) | C14: Preconditions: Đăng nhập Admin hoặc Manager Steps: 1) Mở /Doctors 2) Delete 1 bác sĩ 3) Confirm Test Data: - | D14: Bác sĩ chuyển trạng thái Inactive; không còn active cho phân luồng | E14: Pass
A15: HTS-5-TC-05 | B15: Create bác sĩ Inactive và kiểm tra không hiển thị trong dropdown triage | C15: Preconditions: Đăng nhập Admin hoặc Manager Steps: 1) Tạo bác sĩ mới IsActive=false 2) Mở /Triage/Process/{visitId} 3) Mở dropdown Doctor Test Data: Doctor.IsActive=false | D15: Bác sĩ inactive không xuất hiện trong dropdown Doctor | E15: Pass
B17: 2) Negative Testing / Error Handling – Dữ liệu không hợp lệ & giá trị biên
A18: HTS-5-TC-06 | B18: Create: Code rỗng | C18: Preconditions: Đăng nhập Admin hoặc Manager Steps: 1) Mở /Doctors 2) Thực hiện theo Title/Test Data Test Data: Code='' FullName='BS A' Dept=NOI | D18: Ở lại form; lỗi 'Code là bắt buộc' | E18: Pass
A19: HTS-5-TC-07 | B19: Create: FullName rỗng | C19: Preconditions: Đăng nhập Admin hoặc Manager Steps: 1) Mở /Doctors 2) Thực hiện theo Title/Test Data Test Data: Code='DRQA02' FullName='' Dept=NOI | D19: Ở lại form; lỗi 'Họ tên là bắt buộc' | E19: Pass
A20: HTS-5-TC-08 | B20: Create: Dept không chọn | C20: Preconditions: Đăng nhập Admin hoặc Manager Steps: 1) Mở /Doctors 2) Thực hiện theo Title/Test Data Test Data: Code='DRQA03' FullName='BS A' Dept='' | D20: Không lưu; hiển thị lỗi required/invalid Department | E20: Pass
A21: HTS-5-TC-09 | B21: Create: Code chỉ toàn khoảng trắng | C21: Preconditions: Đăng nhập Admin hoặc Manager Steps: 1) Mở /Doctors 2) Thực hiện theo Title/Test Data Test Data: Code=' ' FullName='BS A' Dept=NOI | D21: Lỗi 'Mã bác sĩ (Code) là bắt buộc.' | E21: Pass
A22: HTS-5-TC-10 | B22: Create: FullName chỉ toàn khoảng trắng | C22: Preconditions: Đăng nhập Admin hoặc Manager Steps: 1) Mở /Doctors 2) Thực hiện theo Title/Test Data Test Data: Code='DRQA04' FullName=' ' Dept=NOI | D22: Lỗi 'Họ tên bác sĩ là bắt buộc.' | E22: Pass
A23: HTS-5-TC-11 | B23: Create: Code >20 ký tự | C23: Preconditions: Đăng nhập Admin hoặc Manager Steps: 1) Mở /Doctors 2) Thực hiện theo Title/Test Data Test Data: Code='X'*21 | D23: Không lưu; lỗi StringLength/max 20 | E23: Pass
A24: HTS-5-TC-12 | B24: Create: FullName >200 ký tự | C24: Preconditions: Đăng nhập Admin hoặc Manager Steps: 1) Mở /Doctors 2) Thực hiện theo Title/Test Data Test Data: FullName='A'*201 | D24: Không lưu; lỗi StringLength/max 200 | E24: Pass
A25: HTS-5-TC-13 | B25: Create: Duplicate Code | C25: Preconditions: Đăng nhập Admin hoặc Manager Steps: 1) Mở /Doctors 2) Thực hiện theo Title/Test Data Test Data: Code='DR001' | D25: Không lưu; lỗi 'Mã bác sĩ đã tồn tại.' | E25: Pass
A26: HTS-5-TC-14 | B26: Create: DepartmentId không tồn tại (force) | C26: Preconditions: Đăng nhập Admin hoặc Manager Steps: 1) Mở /Doctors 2) Thực hiện theo Title/Test Data Test Data: DepartmentId=999999 | D26: Không lưu; lỗi 'Khoa khám không tồn tại.' | E26: Pass
A27: HTS-5-TC-15 | B27: Edit: Id không hợp lệ (0) | C27: Preconditions: Đăng nhập Admin hoặc Manager Steps: 1) Mở /Doctors 2) Thực hiện theo Title/Test Data Test Data: URL=/Doctors/Edit/0 | D27: Redirect danh sách; flash error 'Id không hợp lệ.' | E27: Pass
A28: HTS-5-TC-16 | B28: Edit: Id không tồn tại | C28: Preconditions: Đăng nhập Admin hoặc Manager Steps: 1) Mở /Doctors 2) Thực hiện theo Title/Test Data Test Data: URL=/Doctors/Edit/999999 | D28: Redirect danh sách; flash error 'Không tìm thấy bác sĩ.' | E28: Pass
A29: HTS-5-TC-17 | B29: Edit: đổi Code trùng Code đã tồn tại | C29: Preconditions: Đăng nhập Admin hoặc Manager Steps: 1) Mở /Doctors 2) Thực hiện theo Title/Test Data Test Data: DoctorB.Code -> DoctorA.Code | D29: Không lưu; lỗi 'Mã bác sĩ đã tồn tại.' | E29: Pass
A30: HTS-5-TC-18 | B30: Search/filter bác sĩ với ký tự đặc biệt không gây lỗi | C30: Preconditions: Đăng nhập Admin hoặc Manager Steps: 1) /Doctors 2) Nhập keyword đặc biệt 3) Search Test Data: keyword="%_'<>" | D30: Không crash; không lộ lỗi SQL; kết quả hợp lệ | E30: Pass

Sheet HTS-6
A1: TEST CASE
A3: System Name： | B3: HospitalTriageSystem
A4: Module Code： | B4: HTS-6
A5: Test requirement: | B5: HTS-6: Tiếp nhận bệnh nhân (Intake)
A6: Pass | B6: =COUNTIF(E10:E5000,"Pass") -> 16 | C6: Pending | D6: =COUNTIF(E10:E5000,"Pending") -> 0
A7: Fail | B7: =COUNTIF(E10:E5000,"Fail") -> 0 | C7: Number of test cases: | D7: =COUNTA(A10:A5000) -> 16
A9: ID | B9: Test Case Description | C9: Test Case Procedure | D9: Expected Output | E9: Result | F9: Note
B10: 1) Positive Testing – Happy path (dữ liệu hợp lệ)
A11: HTS-6-TC-01 | B11: Tiếp nhận bệnh nhân mới hợp lệ (tạo Patient + Visit) | C11: Preconditions: Đăng nhập Receptionist/Manager/Admin Steps: 1) Mở /Intake/Register 2) Nhập FullName 3) Chọn DateOfBirth 4) Chọn Gender 5) (Optional) Nhập IdentityNumber/Phone/Address 6) Submit Test Data: FullName=Nguyễn Văn X; DOB=2000-01-01; Gender=Nam | D11: Redirect Result; hiển thị VisitId, QueueNumber; trạng thái Visit=WaitingTriage | E11: Pass
A12: HTS-6-TC-02 | B12: Tiếp nhận bệnh nhân cũ theo IdentityNumber (Upsert) | C12: Preconditions: Đăng nhập Receptionist/Manager/Admin Steps: 1) Tiếp nhận BN với IdentityNumber=X 2) Tiếp nhận lại với IdentityNumber=X nhưng FullName khác 3) Submit Test Data: IdentityNumber=0123456789 | D12: Result hiển thị Existing; Patient không tạo mới mà update thông tin; Visit mới vẫn tạo | E12: Pass
A13: HTS-6-TC-03 | B13: QueueNumber tăng dần theo ngày | C13: Preconditions: Đăng nhập Receptionist/Manager/Admin Steps: 1) Tiếp nhận nhiều BN trong cùng ngày 2) Quan sát QueueNumber trên Result Test Data: - | D13: QueueNumber tăng dần (1,2,3...) | E13: Pass
A14: HTS-6-TC-04 | B14: Trim input: FullName có khoảng trắng đầu/cuối vẫn được lưu chuẩn hóa | C14: Preconditions: Đăng nhập Receptionist/Manager/Admin Steps: 1) /Intake/Register 2) Nhập FullName=' Nguyễn Văn A ' 3) Submit 4) Quan sát FullName trên Result hoặc dashboard Test Data: FullName=' Nguyễn Văn A ' | D14: Hệ thống trim và lưu 'Nguyễn Văn A' (không có khoảng trắng thừa) | E14: Pass
B16: 2) Negative Testing / Error Handling – Dữ liệu không hợp lệ & giá trị biên
A17: HTS-6-TC-05 | B17: FullName rỗng | C17: Preconditions: Đăng nhập Receptionist/Manager/Admin Steps: 1) Mở /Intake/Register 2) Nhập dữ liệu theo Test Data 3) Submit Test Data: FullName='' | D17: Không submit; hiển thị 'Họ tên là bắt buộc' | E17: Pass
A18: HTS-6-TC-06 | B18: FullName chỉ toàn khoảng trắng | C18: Preconditions: Đăng nhập Receptionist/Manager/Admin Steps: 1) Mở /Intake/Register 2) Nhập dữ liệu theo Test Data 3) Submit Test Data: FullName=' ' | D18: Không tạo; hiển thị lỗi service 'Họ tên bệnh nhân là bắt buộc.' | E18: Pass
A19: HTS-6-TC-07 | B19: FullName >200 ký tự | C19: Preconditions: Đăng nhập Receptionist/Manager/Admin Steps: 1) Mở /Intake/Register 2) Nhập dữ liệu theo Test Data 3) Submit Test Data: FullName='N'*201 | D19: Không tạo; lỗi StringLength/max 200 | E19: Pass
A20: HTS-6-TC-08 | B20: DateOfBirth rỗng (clear input) | C20: Preconditions: Đăng nhập Receptionist/Manager/Admin Steps: 1) Mở /Intake/Register 2) Nhập dữ liệu theo Test Data 3) Submit Test Data: DateOfBirth='' | D20: Không tạo; lỗi service 'Ngày sinh không hợp lệ.' | E20: Pass
A21: HTS-6-TC-09 | B21: IdentityNumber >50 ký tự | C21: Preconditions: Đăng nhập Receptionist/Manager/Admin Steps: 1) Mở /Intake/Register 2) Nhập dữ liệu theo Test Data 3) Submit Test Data: IdentityNumber='9'*51 | D21: Không tạo; lỗi StringLength/max 50 | E21: Pass
A22: HTS-6-TC-10 | B22: Phone >30 ký tự | C22: Preconditions: Đăng nhập Receptionist/Manager/Admin Steps: 1) Mở /Intake/Register 2) Nhập dữ liệu theo Test Data 3) Submit Test Data: Phone='1'*31 | D22: Không tạo; lỗi StringLength/max 30 | E22: Pass
A23: HTS-6-TC-11 | B23: Address >500 ký tự | C23: Preconditions: Đăng nhập Receptionist/Manager/Admin Steps: 1) Mở /Intake/Register 2) Nhập dữ liệu theo Test Data 3) Submit Test Data: Address='A'*501 | D23: Không tạo; lỗi StringLength/max 500 | E23: Pass
A24: HTS-6-TC-12 | B24: InsuranceNumber >50 ký tự | C24: Preconditions: Đăng nhập Receptionist/Manager/Admin Steps: 1) Mở /Intake/Register 2) Nhập dữ liệu theo Test Data 3) Submit Test Data: InsuranceNumber='I'*51 | D24: Không tạo; lỗi StringLength/max 50 | E24: Pass
A25: HTS-6-TC-13 | B25: Unauthorized: Nurse truy cập /Intake/Register | C25: Preconditions: Đăng nhập với role tương ứng Steps: 1) Mở /Intake/Register 2) Nhập dữ liệu theo Test Data 3) Submit Test Data: Role=Nurse | D25: AccessDenied | E25: Pass
A26: HTS-6-TC-14 | B26: Unauthorized: Doctor truy cập /Intake/Register | C26: Preconditions: Đăng nhập với role tương ứng Steps: 1) Mở /Intake/Register 2) Nhập dữ liệu theo Test Data 3) Submit Test Data: Role=Doctor | D26: AccessDenied | E26: Pass
A27: HTS-6-TC-15 | B27: DateOfBirth ở tương lai (future date) - hệ thống nên chặn | C27: Preconditions: Đăng nhập Receptionist/Manager/Admin Steps: 1) /Intake/Register 2) Nhập DOB = ngày tương lai 3) Submit Test Data: DOB=today+1 | D27: Kỳ vọng: báo lỗi ngày sinh không hợp lệ (hoặc chặn). Nếu app cho qua => bug/requirement gap | E27: Pass
A28: HTS-6-TC-16 | B28: Gender không chọn (nếu UI có option trống) - hệ thống phải báo lỗi | C28: Preconditions: Đăng nhập Receptionist/Manager/Admin Steps: 1) /Intake/Register 2) Không chọn Gender hoặc để Unknown 3) Submit Test Data: Gender='(blank/Unknown)' | D28: Báo lỗi 'Giới tính là bắt buộc' hoặc tương đương; không tạo visit | E28: Pass

Sheet HTS-7
A1: TEST CASE
A3: System Name： | B3: HospitalTriageSystem
A4: Module Code： | B4: HTS-7
A5: Test requirement: | B5: HTS-7: Phân luồng (Triage)
A6: Pass | B6: =COUNTIF(E10:E5000,"Pass") -> 15 | C6: Pending | D6: =COUNTIF(E10:E5000,"Pending") -> 0
A7: Fail | B7: =COUNTIF(E10:E5000,"Fail") -> 0 | C7: Number of test cases: | D7: =COUNTA(A10:A5000) -> 15
A9: ID | B9: Test Case Description | C9: Test Case Procedure | D9: Expected Output | E9: Result | F9: Note
B10: 1) Positive Testing – Happy path (dữ liệu hợp lệ)
A11: HTS-7-TC-01 | B11: Mở danh sách chờ phân luồng | C11: Preconditions: Đăng nhập Nurse/Manager/Admin và có Visit đang WaitingTriage Steps: 1) Login Nurse 2) Mở /Triage Test Data: - | D11: Hiển thị bảng các lượt khám đang chờ phân luồng (WaitingTriage) | E11: Pass
A12: HTS-7-TC-02 | B12: Phân luồng theo rule: triệu chứng chứa từ khóa 'ngực' -> Khoa Nội | C12: Preconditions: Đăng nhập Nurse/Manager/Admin và có Visit đang WaitingTriage Steps: 1) Tạo 1 Visit mới 2) Nurse mở /Triage 3) Click 'Phân luồng' 4) Nhập Symptoms có chứa 'ngực' 5) Submit Test Data: Symptoms='Đau ngực, khó thở' | D12: Visit chuyển trạng thái WaitingDoctor; Department=Khoa Nội; hiển thị Success | E12: Pass
A13: HTS-7-TC-03 | B13: Fallback: không match rule -> General Department | C13: Preconditions: Đăng nhập Nurse/Manager/Admin và có Visit đang WaitingTriage Steps: 1) Tạo Visit mới 2) Nhập Symptoms không match rule 3) Submit Test Data: Symptoms='nhức đầu nhẹ' | D13: Nếu có GEN General: Visit chuyển WaitingDoctor; Department=Khoa Tổng Quát | E13: Pass
A14: HTS-7-TC-04 | B14: Chọn bác sĩ cụ thể khi phân luồng | C14: Preconditions: Đăng nhập Nurse/Manager/Admin và có Visit đang WaitingTriage Steps: 1) Tạo Visit mới 2) Process triage 3) Chọn Doctor từ dropdown 4) Submit Test Data: Doctor=BS Nguyễn Văn A (DR001) | D14: Visit được gán DoctorId; Dashboard bác sĩ tương ứng thấy visit | E14: Pass
A15: HTS-7-TC-05 | B15: Override rule: Nurse chọn khoa thủ công khác rule engine | C15: Preconditions: Đăng nhập Nurse/Manager/Admin và có Visit đang WaitingTriage Steps: 1) Tạo Visit mới 2) Process triage 3) Nhập Symptoms match Khoa Nội 4) Nhưng chọn Department=Khoa Ngoại 5) Submit Test Data: Symptoms='Đau ngực'; DepartmentOverride=Khoa Ngoại | D15: Visit được gán khoa theo lựa chọn của nurse (khoa override), không theo rule engine | E15: Pass
A16: HTS-7-TC-06 | B16: Sau phân luồng thành công, visit biến mất khỏi WaitingTriage list | C16: Preconditions: Đăng nhập Nurse/Manager/Admin và có Visit đang WaitingTriage Steps: 1) Tạo Visit 2) Triage submit thành công 3) Mở lại /Triage 4) Search theo tên BN/Queue Test Data: - | D16: Visit không còn xuất hiện trong danh sách chờ phân luồng | E16: Pass
B18: 2) Negative Testing / Error Handling – Dữ liệu không hợp lệ & giá trị biên
A19: HTS-7-TC-07 | B19: Process: id=0 (invalid) | C19: Preconditions: Đăng nhập Nurse/Manager/Admin và có Visit đang WaitingTriage Steps: 1) Thực hiện thao tác theo Title/Test Data Test Data: URL=/Triage/Process/0 | D19: Redirect /Triage; flash error 'Vui lòng chọn lượt khám để phân luồng.' | E19: Pass
A20: HTS-7-TC-08 | B20: Process: id không tồn tại | C20: Preconditions: Đăng nhập Nurse/Manager/Admin và có Visit đang WaitingTriage Steps: 1) Thực hiện thao tác theo Title/Test Data Test Data: URL=/Triage/Process/999999 | D20: Redirect /Triage; flash error 'Không tìm thấy lượt khám.' | E20: Pass
A21: HTS-7-TC-09 | B21: Submit: Symptoms rỗng | C21: Preconditions: Đăng nhập Nurse/Manager/Admin và có Visit đang WaitingTriage Steps: 1) Thực hiện thao tác theo Title/Test Data Test Data: Symptoms='' | D21: Ở lại Process; lỗi 'Triệu chứng là bắt buộc' | E21: Pass
A22: HTS-7-TC-10 | B22: Submit: Symptoms chỉ toàn khoảng trắng | C22: Preconditions: Đăng nhập Nurse/Manager/Admin và có Visit đang WaitingTriage Steps: 1) Thực hiện thao tác theo Title/Test Data Test Data: Symptoms=' ' | D22: Ở lại Process; lỗi service 'Triệu chứng ban đầu là bắt buộc.' | E22: Pass
A23: HTS-7-TC-11 | B23: Submit: Symptoms >2000 ký tự | C23: Preconditions: Đăng nhập Nurse/Manager/Admin và có Visit đang WaitingTriage Steps: 1) Thực hiện thao tác theo Title/Test Data Test Data: Symptoms='A'*2001 | D23: Không submit; lỗi StringLength/max 2000 | E23: Pass
A24: HTS-7-TC-12 | B24: Fallback khi không có General Department | C24: Preconditions: Admin có quyền sửa Department GEN Steps: 1) Thực hiện thao tác theo Title/Test Data Test Data: Setup: set GEN.IsGeneral=false; Symptoms không match | D24: Ở lại Process; lỗi 'Không xác định được khoa khám (không có Khoa Tổng Quát).' | E24: Pass
A25: HTS-7-TC-13 | B25: Unauthorized: Receptionist truy cập /Triage | C25: Preconditions: Đăng nhập role tương ứng Steps: 1) Thực hiện thao tác theo Title/Test Data Test Data: Role=Receptionist | D25: AccessDenied | E25: Pass
A26: HTS-7-TC-14 | B26: Unauthorized: Doctor truy cập /Triage | C26: Preconditions: Đăng nhập role tương ứng Steps: 1) Thực hiện thao tác theo Title/Test Data Test Data: Role=Doctor | D26: AccessDenied | E26: Pass
A27: HTS-7-TC-15 | B27: Double-submit: refresh/submit lại Process sau khi đã triage (idempotency) | C27: Preconditions: Có Visit vừa triage xong (WaitingDoctor) Steps: 1) Mở lại URL /Triage/Process/{visitId} 2) Submit lần nữa Test Data: - | D27: Kỳ vọng: hệ thống xử lý an toàn (không tạo status history sai, không crash). Nếu UI nên chặn/redirect | E27: Pass

Sheet HTS-8
A1: TEST CASE
A3: System Name： | B3: HospitalTriageSystem
A4: Module Code： | B4: HTS-8
A5: Test requirement: | B5: HTS-8: Dashboard
A6: Pass | B6: =COUNTIF(E10:E5000,"Pass") -> 8 | C6: Pending | D6: =COUNTIF(E10:E5000,"Pending") -> 0
A7: Fail | B7: =COUNTIF(E10:E5000,"Fail") -> 0 | C7: Number of test cases: | D7: =COUNTA(A10:A5000) -> 8
A9: ID | B9: Test Case Description | C9: Test Case Procedure | D9: Expected Output | E9: Result | F9: Note
B10: 1) Positive Testing – Happy path (dữ liệu hợp lệ)
A11: HTS-8-TC-01 | B11: Dashboard Admin/Manager: xem tổng quan số lượt khám theo trạng thái | C11: Preconditions: Đăng nhập Admin/Manager hoặc Doctor Steps: 1) Login Admin 2) Mở /Dashboard Test Data: - | D11: Hiển thị các card thống kê: WaitingTriage, WaitingDoctor, Completed, Total | E11: Pass
A12: HTS-8-TC-02 | B12: Dashboard Admin/Manager: filter theo khoa | C12: Preconditions: Đăng nhập Admin/Manager hoặc Doctor Steps: 1) Login Admin 2) Mở /Dashboard 3) Chọn khoa từ dropdown 4) Apply filter Test Data: Department=Khoa Nội | D12: Bảng lượt khám chỉ hiển thị của khoa đó | E12: Pass
A13: HTS-8-TC-03 | B13: Dashboard Doctor: chỉ xem lượt khám của khoa mình, không chọn khoa | C13: Preconditions: Đăng nhập Admin/Manager hoặc Doctor Steps: 1) Login Doctor 2) Mở /Dashboard Test Data: - | D13: Không có dropdown chọn khoa; chỉ hiển thị lượt khám khoa của doctor | E13: Pass
A14: HTS-8-TC-04 | B14: Doctor Dashboard: hiển thị đúng DeptName = khoa của doctor | C14: Preconditions: Đăng nhập Doctor (DR001) Steps: 1) /Dashboard 2) Quan sát tiêu đề khoa / DeptName Test Data: - | D14: DeptName hiển thị đúng theo Doctor.DepartmentId | E14: Pass
B16: 2) Negative Testing / Error Handling – Dữ liệu không hợp lệ & giá trị biên
A17: HTS-8-TC-05 | B17: Unauthorized: Receptionist truy cập /Dashboard | C17: Preconditions: Đăng nhập role tương ứng Steps: 1) Đăng nhập 2) Mở URL theo Test Data 3) Quan sát kết quả Test Data: Role=Receptionist | D17: AccessDenied | E17: Pass
A18: HTS-8-TC-06 | B18: Unauthorized: Nurse truy cập /Dashboard | C18: Preconditions: Đăng nhập role tương ứng Steps: 1) Đăng nhập 2) Mở URL theo Test Data 3) Quan sát kết quả Test Data: Role=Nurse | D18: AccessDenied | E18: Pass
A19: HTS-8-TC-07 | B19: Doctor cố tình truyền query departmentId khác (bypass) | C19: Preconditions: Đăng nhập role tương ứng Steps: 1) Đăng nhập 2) Mở URL theo Test Data 3) Quan sát kết quả Test Data: URL=/Dashboard?departmentId=<other> | D19: Hệ thống bỏ qua hoặc vẫn chỉ hiển thị khoa của doctor; không leak dữ liệu | E19: Pass
A20: HTS-8-TC-08 | B20: Doctor account không map được Doctor.Code => hệ thống nên báo lỗi rõ ràng | C20: Preconditions: Tạo 1 user Doctor có email không map tới Doctor.Code (ví dụ DR999@...) Steps: 1) Login user Doctor mới 2) /Dashboard Test Data: Doctor email=DR999@hospital.local | D20: Kỳ vọng: thông báo lỗi/empty state thay vì crash; nếu crash => bug | E20: Pass

Sheet HTS-9
A1: TEST CASE
A3: System Name： | B3: HospitalTriageSystem
A4: Module Code： | B4: HTS-9
A5: Test requirement: | B5: HTS-9: Báo cáo (Reports)
A6: Pass | B6: =COUNTIF(E10:E5000,"Pass") -> 11 | C6: Pending | D6: =COUNTIF(E10:E5000,"Pending") -> 0
A7: Fail | B7: =COUNTIF(E10:E5000,"Fail") -> 0 | C7: Number of test cases: | D7: =COUNTA(A10:A5000) -> 11
A9: ID | B9: Test Case Description | C9: Test Case Procedure | D9: Expected Output | E9: Result | F9: Note
B10: 1) Positive Testing – Happy path (dữ liệu hợp lệ)
A11: HTS-9-TC-01 | B11: Chạy báo cáo hợp lệ (from<=to) | C11: Preconditions: Đăng nhập Manager/Admin Steps: 1) Login Manager 2) Mở /Reports 3) Chọn FromDate/ToDate hợp lệ 4) (Optional) Chọn khoa 5) Click 'Chạy báo cáo' Test Data: From=today-7; To=today | D11: Hiển thị phần Kết quả: Visits per day, Top symptoms, Top departments (tùy data) | E11: Pass
A12: HTS-9-TC-02 | B12: Export CSV khi đã có kết quả | C12: Preconditions: Đăng nhập Manager/Admin Steps: 1) Chạy báo cáo 2) Click 'Export CSV' Test Data: - | D12: Trình duyệt tải file CSV; nội dung đúng headers: Date, Count | E12: Pass
A13: HTS-9-TC-03 | B13: Báo cáo filter theo khoa | C13: Preconditions: Đăng nhập Manager/Admin Steps: 1) /Reports 2) Chọn Department=Khoa Nội 3) Run report Test Data: Department=NOI | D13: Kết quả chỉ thống kê của khoa đã chọn | E13: Pass
B15: 2) Negative Testing / Error Handling – Dữ liệu không hợp lệ & giá trị biên
A16: HTS-9-TC-04 | B16: FromDate > ToDate | C16: Preconditions: Đăng nhập Manager/Admin Steps: 1) Mở /Reports 2) Thiết lập filter theo Test Data 3) Run/Export 4) Quan sát lỗi Test Data: From=today; To=today-1 | D16: Không tạo báo cáo; hiển thị lỗi 'Khoảng ngày không hợp lệ.' | E16: Pass
A17: HTS-9-TC-05 | B17: FromDate rỗng | C17: Preconditions: Đăng nhập Manager/Admin Steps: 1) Mở /Reports 2) Thiết lập filter theo Test Data 3) Run/Export 4) Quan sát lỗi Test Data: FromDate='' | D17: Không tạo báo cáo; lỗi required hoặc 'Khoảng ngày không hợp lệ.' | E17: Pass
A18: HTS-9-TC-06 | B18: ToDate rỗng | C18: Preconditions: Đăng nhập Manager/Admin Steps: 1) Mở /Reports 2) Thiết lập filter theo Test Data 3) Run/Export 4) Quan sát lỗi Test Data: ToDate='' | D18: Không tạo báo cáo; lỗi required hoặc 'Khoảng ngày không hợp lệ.' | E18: Pass
A19: HTS-9-TC-07 | B19: DepartmentId không tồn tại (force query) | C19: Preconditions: Đăng nhập Manager/Admin Steps: 1) Mở /Reports 2) Thiết lập filter theo Test Data 3) Run/Export 4) Quan sát lỗi Test Data: departmentId=999999 | D19: Không tạo báo cáo; lỗi 'Không tìm thấy khoa.' | E19: Pass
A20: HTS-9-TC-08 | B20: Export CSV với range không hợp lệ | C20: Preconditions: Đăng nhập Manager/Admin Steps: 1) Mở /Reports 2) Thiết lập filter theo Test Data 3) Run/Export 4) Quan sát lỗi Test Data: GET /Reports/ExportCsv?fromDate=today&toDate=today-1 | D20: Redirect /Reports; flash error 'Khoảng ngày không hợp lệ.' | E20: Pass
A21: HTS-9-TC-09 | B21: Unauthorized: Nurse truy cập /Reports | C21: Preconditions: Đăng nhập role tương ứng Steps: 1) Mở /Reports 2) Thiết lập filter theo Test Data 3) Run/Export 4) Quan sát lỗi Test Data: Role=Nurse | D21: AccessDenied | E21: Pass
A22: HTS-9-TC-10 | B22: Unauthorized: Doctor truy cập /Reports | C22: Preconditions: Đăng nhập role tương ứng Steps: 1) Mở /Reports 2) Thiết lập filter theo Test Data 3) Run/Export 4) Quan sát lỗi Test Data: Role=Doctor | D22: AccessDenied | E22: Pass
A23: HTS-9-TC-11 | B23: Range quá lớn (ví dụ 5 năm) - hệ thống không timeout/crash | C23: Preconditions: Đăng nhập Manager/Admin Steps: 1) /Reports 2) FromDate=today-1825 3) ToDate=today 4) Run report Test Data: From=today-1825; To=today | D23: Hệ thống phản hồi trong thời gian hợp lý hoặc có cơ chế giới hạn; không crash | E23: Pass

Sheet Test Report
A1: TEST REPORT SUMMARY
A3: Module | B3: Total | C3: Pass | D3: Fail | E3: Pending
A4: HTS-0 - Đăng nhập hệ thống | B4: ='HTS-0'!D7 -> 14 | C4: ='HTS-0'!B6 -> 14 | D4: ='HTS-0'!B7 -> 0 | E4: ='HTS-0'!D6 -> 0
A5: HTS-1 - Phiên đăng nhập & Đăng xuất | B5: ='HTS-1'!D7 -> 2 | C5: ='HTS-1'!B6 -> 2 | D5: ='HTS-1'!B7 -> 0 | E5: ='HTS-1'!D6 -> 0
A6: HTS-2 - Điều hướng & Menu | B6: ='HTS-2'!D7 -> 3 | C6: ='HTS-2'!B6 -> 3 | D6: ='HTS-2'!B7 -> 0 | E6: ='HTS-2'!D6 -> 0
A7: HTS-3 - Phân quyền truy cập (RBAC) | B7: ='HTS-3'!D7 -> 30 | C7: ='HTS-3'!B6 -> 28 | D7: ='HTS-3'!B7 -> 2 | E7: ='HTS-3'!D6 -> 0
A8: HTS-4 - Quản lý khoa (Departments) | B8: ='HTS-4'!D7 -> 18 | C8: ='HTS-4'!B6 -> 18 | D8: ='HTS-4'!B7 -> 0 | E8: ='HTS-4'!D6 -> 0
A9: HTS-5 - Quản lý bác sĩ (Doctors) | B9: ='HTS-5'!D7 -> 18 | C9: ='HTS-5'!B6 -> 18 | D9: ='HTS-5'!B7 -> 0 | E9: ='HTS-5'!D6 -> 0
A10: HTS-6 - Tiếp nhận bệnh nhân (Intake) | B10: ='HTS-6'!D7 -> 16 | C10: ='HTS-6'!B6 -> 16 | D10: ='HTS-6'!B7 -> 0 | E10: ='HTS-6'!D6 -> 0
A11: HTS-7 - Phân luồng (Triage) | B11: ='HTS-7'!D7 -> 15 | C11: ='HTS-7'!B6 -> 15 | D11: ='HTS-7'!B7 -> 0 | E11: ='HTS-7'!D6 -> 0
A12: HTS-8 - Dashboard | B12: ='HTS-8'!D7 -> 8 | C12: ='HTS-8'!B6 -> 8 | D12: ='HTS-8'!B7 -> 0 | E12: ='HTS-8'!D6 -> 0
A13: HTS-9 - Báo cáo (Reports) | B13: ='HTS-9'!D7 -> 11 | C13: ='HTS-9'!B6 -> 11 | D13: ='HTS-9'!B7 -> 0 | E13: ='HTS-9'!D6 -> 0
A14: TOTAL | B14: =SUM(B4:B13) -> 135 | C14: =SUM(C4:C13) -> 133 | D14: =SUM(D4:D13) -> 2 | E14: =SUM(E4:E13) -> 0
